INSERT INTO user_table (id, user_role, email, password) VALUES (1, 'ADMIN', 'admin@admin', 'admin');
INSERT INTO user_table (id, user_role, email, password) VALUES (2, 'DOCTOR', 'doctor@doctor', 'doctor');
INSERT INTO user_table (id, user_role, email, password) VALUES (3, 'DOCTOR', 'doct@doct', 'doctor');
INSERT INTO user_table (id, user_role, email, password) VALUES (4, 'DOCTOR', 'doc@doc', 'doctor');

INSERT INTO doctor (id) VALUES (2);
INSERT INTO doctor (id) VALUES (3);
INSERT INTO doctor (id) VALUES (4);
INSERT INTO administrator (id) VALUES (1);


INSERT INTO drug_ingredient (DI_ID, INGREDIENT) VALUES (1, 'sastojak1');
INSERT INTO drug_ingredient (DI_ID, INGREDIENT) VALUES (2, 'sastojak2');

INSERT INTO symptom (SYMPTOM_ID, DESCRIPTION, DOUBLE_VALUE) VALUES (1, 'Curenje iz nosa', 0.0);
INSERT INTO symptom (SYMPTOM_ID, DESCRIPTION, DOUBLE_VALUE) VALUES (2, 'Bol u grlu', 0.0);
INSERT INTO symptom (SYMPTOM_ID, DESCRIPTION, DOUBLE_VALUE) VALUES (3, 'Glavobolja', 0.0);
INSERT INTO symptom (SYMPTOM_ID, DESCRIPTION, DOUBLE_VALUE) VALUES (4, 'Kijanje', 0.0);
INSERT INTO symptom (SYMPTOM_ID, DESCRIPTION, DOUBLE_VALUE) VALUES (5, 'Kasalj', 0.0);
INSERT INTO symptom (SYMPTOM_ID, DESCRIPTION, DOUBLE_VALUE) VALUES (6, 'Drhtavica', 0.0);
INSERT INTO symptom (SYMPTOM_ID, DESCRIPTION, DOUBLE_VALUE) VALUES (7, 'Temperatura', 0.0);
INSERT INTO symptom (SYMPTOM_ID, DESCRIPTION, DOUBLE_VALUE) VALUES (8, 'Umor', 0.0);
INSERT INTO symptom (SYMPTOM_ID, DESCRIPTION, DOUBLE_VALUE) VALUES (9, 'Zuti sekret iz nosa', 0.0);
INSERT INTO symptom (SYMPTOM_ID, DESCRIPTION, DOUBLE_VALUE) VALUES (10, 'Gubitak apetita', 0.0);
INSERT INTO symptom (SYMPTOM_ID, DESCRIPTION, DOUBLE_VALUE) VALUES (11, 'Bol koji se siri do usiju', 0.0);
INSERT INTO symptom (SYMPTOM_ID, DESCRIPTION, DOUBLE_VALUE) VALUES (12, 'Oticanje oko ociju', 0.0);
INSERT INTO symptom (SYMPTOM_ID, DESCRIPTION, DOUBLE_VALUE) VALUES (13, 'Visok pritisak', 0.0);
INSERT INTO symptom (SYMPTOM_ID, DESCRIPTION, DOUBLE_VALUE) VALUES (14, 'Cesto uriniranje', 0.0);
INSERT INTO symptom (SYMPTOM_ID, DESCRIPTION, DOUBLE_VALUE) VALUES (15, 'Gubitak telesne tezine', 0.0);
INSERT INTO symptom (SYMPTOM_ID, DESCRIPTION, DOUBLE_VALUE) VALUES (16, 'Zamor', 0.0);
INSERT INTO symptom (SYMPTOM_ID, DESCRIPTION, DOUBLE_VALUE) VALUES (17, 'Mucnina i povracanje', 0.0);
INSERT INTO symptom (SYMPTOM_ID, DESCRIPTION, DOUBLE_VALUE) VALUES (18, 'Nocturia', 0.0);
INSERT INTO symptom (SYMPTOM_ID, DESCRIPTION, DOUBLE_VALUE) VALUES (19, 'Otoci nogu i zglobova', 0.0);
INSERT INTO symptom (SYMPTOM_ID, DESCRIPTION, DOUBLE_VALUE) VALUES (20, 'Gusenje', 0.0);
INSERT INTO symptom (SYMPTOM_ID, DESCRIPTION, DOUBLE_VALUE) VALUES (21, 'Bol u grudima', 0.0);
INSERT INTO symptom (SYMPTOM_ID, DESCRIPTION, DOUBLE_VALUE) VALUES (22, 'Oporavak', 0.0);
INSERT INTO symptom (SYMPTOM_ID, DESCRIPTION, DOUBLE_VALUE) VALUES (23, 'Dijareja', 0.0);

INSERT INTO patient (PATIENT_ID, FIRST_NAME, LAST_NAME) VALUES (1, 'IME1', 'PREZIME1');
INSERT INTO patient (PATIENT_ID, FIRST_NAME, LAST_NAME) VALUES (2, 'IME2', 'PREZIME2');
INSERT INTO patient (PATIENT_ID, FIRST_NAME, LAST_NAME) VALUES (3, 'IME3', 'PREZIME3');

INSERT INTO drug (DRUG_ID, DRUG_TYPE, NAME) VALUES (1, 'Other', 'LEK1');
INSERT INTO drug (DRUG_ID, DRUG_TYPE, NAME) VALUES (2, 'Analgesic', 'Analgesic1');
INSERT INTO drug (DRUG_ID, DRUG_TYPE, NAME) VALUES (3, 'Antibiotic', 'Antibiotic1');

INSERT INTO drug_ingredients_list (DRUG_ID, DI_ID) VALUES (1, 1);
INSERT INTO drug_ingredients_list (DRUG_ID, DI_ID) VALUES (1, 2);
INSERT INTO drug_ingredients_list (DRUG_ID, DI_ID) VALUES (2, 1);

INSERT INTO disease (DISEASE_ID, NAME) VALUES (1, 'Prehlada');
INSERT INTO disease (DISEASE_ID, NAME) VALUES (2, 'Groznica');
INSERT INTO disease (DISEASE_ID, NAME) VALUES (3, 'Upala krajnika');
INSERT INTO disease (DISEASE_ID, NAME) VALUES (4, 'Sinusna infekcija');
INSERT INTO disease (DISEASE_ID, NAME) VALUES (5, 'Hipertenzija');
INSERT INTO disease (DISEASE_ID, NAME) VALUES (6, 'Dijabetes');
INSERT INTO disease (DISEASE_ID, NAME) VALUES (7, 'Hronicna bubrezna bolest');
INSERT INTO disease (DISEASE_ID, NAME) VALUES (8, 'Akutna bubrezna povreda');

INSERT INTO allergies (PATIENT_ID, DI_ID) VALUES (1, 2);

--5 za hronicno oboljenje
INSERT INTO visit (VISIT_ID, DATE, DISEASE_ID, DOCTOR_ID, DRUG_ID, PATIENT_ID) VALUES (1, '2018-01-28 21:00:00', 3, 2, 1, 1);
INSERT INTO visit (VISIT_ID, DATE, DISEASE_ID, DOCTOR_ID, DRUG_ID, PATIENT_ID) VALUES (2, '2018-01-28 21:00:00', 2, 2, 1, 1);
INSERT INTO visit (VISIT_ID, DATE, DISEASE_ID, DOCTOR_ID, DRUG_ID, PATIENT_ID) VALUES (3, '2018-01-29 21:00:00', 3, 2, 1, 1);
INSERT INTO visit (VISIT_ID, DATE, DISEASE_ID, DOCTOR_ID, DRUG_ID, PATIENT_ID) VALUES (4, '2018-01-29 21:00:00', 3, 2, 1, 1);
INSERT INTO visit (VISIT_ID, DATE, DISEASE_ID, DOCTOR_ID, DRUG_ID, PATIENT_ID) VALUES (5, '2018-01-29 21:00:00', 3, 2, 1, 1);
INSERT INTO visit (VISIT_ID, DATE, DISEASE_ID, DOCTOR_ID, DRUG_ID, PATIENT_ID) VALUES (6, '2018-01-29 21:00:00', 3, 2, 1, 1);

INSERT INTO visit (VISIT_ID, DATE, DISEASE_ID, DOCTOR_ID, DRUG_ID, PATIENT_ID) VALUES (7, '2018-01-28 21:00:00', 3, 2, 1, 2);
INSERT INTO visit (VISIT_ID, DATE, DISEASE_ID, DOCTOR_ID, DRUG_ID, PATIENT_ID) VALUES (8, '2018-01-28 21:00:00', 2, 2, 1, 2);
INSERT INTO visit (VISIT_ID, DATE, DISEASE_ID, DOCTOR_ID, DRUG_ID, PATIENT_ID) VALUES (9, '2018-01-29 21:00:00', 3, 2, 1, 2);
INSERT INTO visit (VISIT_ID, DATE, DISEASE_ID, DOCTOR_ID, DRUG_ID, PATIENT_ID) VALUES (10, '2018-01-29 21:00:00', 3, 2, 1, 2);
INSERT INTO visit (VISIT_ID, DATE, DISEASE_ID, DOCTOR_ID, DRUG_ID, PATIENT_ID) VALUES (11, '2018-01-29 21:00:00', 3, 2, 1, 2);
INSERT INTO visit (VISIT_ID, DATE, DISEASE_ID, DOCTOR_ID, DRUG_ID, PATIENT_ID) VALUES (12, '2018-01-29 21:00:00', 3, 2, 1, 2);

--zavsinici
INSERT INTO visit (VISIT_ID, DATE, DISEASE_ID, DOCTOR_ID, DRUG_ID, PATIENT_ID) VALUES (13, '2018-01-29 21:00:00', 3, 4, 2, 2);
INSERT INTO visit (VISIT_ID, DATE, DISEASE_ID, DOCTOR_ID, DRUG_ID, PATIENT_ID) VALUES (14, '2018-01-29 21:00:00', 3, 3, 2, 2);
INSERT INTO visit (VISIT_ID, DATE, DISEASE_ID, DOCTOR_ID, DRUG_ID, PATIENT_ID) VALUES (15, '2018-01-29 21:00:00', 3, 2, 2, 2);
INSERT INTO visit (VISIT_ID, DATE, DISEASE_ID, DOCTOR_ID, DRUG_ID, PATIENT_ID) VALUES (16, '2018-01-29 21:00:00', 3, 4, 2, 2);
INSERT INTO visit (VISIT_ID, DATE, DISEASE_ID, DOCTOR_ID, DRUG_ID, PATIENT_ID) VALUES (17, '2018-01-29 21:00:00', 3, 3, 2, 2);
INSERT INTO visit (VISIT_ID, DATE, DISEASE_ID, DOCTOR_ID, DRUG_ID, PATIENT_ID) VALUES (18, '2018-01-29 21:00:00', 3, 2, 2, 2);
INSERT INTO visit (VISIT_ID, DATE, DISEASE_ID, DOCTOR_ID, DRUG_ID, PATIENT_ID) VALUES (19, '2018-01-29 21:00:00', 3, 2, 2, 1);
INSERT INTO visit (VISIT_ID, DATE, DISEASE_ID, DOCTOR_ID, DRUG_ID, PATIENT_ID) VALUES (20, '2018-01-29 21:00:00', 3, 3, 2, 1);
INSERT INTO visit (VISIT_ID, DATE, DISEASE_ID, DOCTOR_ID, DRUG_ID, PATIENT_ID) VALUES (21, '2018-01-29 21:00:00', 3, 2, 2, 1);
INSERT INTO visit (VISIT_ID, DATE, DISEASE_ID, DOCTOR_ID, DRUG_ID, PATIENT_ID) VALUES (22, '2018-01-29 21:00:00', 3, 3, 2, 1);
INSERT INTO visit (VISIT_ID, DATE, DISEASE_ID, DOCTOR_ID, DRUG_ID, PATIENT_ID) VALUES (23, '2018-01-29 21:00:00', 3, 2, 2, 1);
INSERT INTO visit (VISIT_ID, DATE, DISEASE_ID, DOCTOR_ID, DRUG_ID, PATIENT_ID) VALUES (24, '2018-01-29 21:00:00', 3, 3, 2, 1);


--slab imunitet
INSERT INTO visit (VISIT_ID, DATE, DISEASE_ID, DOCTOR_ID, DRUG_ID, PATIENT_ID) VALUES (25, '2018-01-29 21:00:00', 3, 3, 3, 1);
--pravi kandidat
INSERT INTO visit (VISIT_ID, DATE, DISEASE_ID, DOCTOR_ID, DRUG_ID, PATIENT_ID) VALUES (26, '2018-01-29 21:00:00', 3, 3, 3, 3);
INSERT INTO visit (VISIT_ID, DATE, DISEASE_ID, DOCTOR_ID, DRUG_ID, PATIENT_ID) VALUES (27, '2018-01-29 21:00:00', 2, 3, 3, 3);
INSERT INTO visit (VISIT_ID, DATE, DISEASE_ID, DOCTOR_ID, DRUG_ID, PATIENT_ID) VALUES (28, '2018-01-29 21:00:00', 3, 3, 3, 3);
INSERT INTO visit (VISIT_ID, DATE, DISEASE_ID, DOCTOR_ID, DRUG_ID, PATIENT_ID) VALUES (29, '2018-01-29 21:00:00', 2, 3, 3, 3);
INSERT INTO visit (VISIT_ID, DATE, DISEASE_ID, DOCTOR_ID, DRUG_ID, PATIENT_ID) VALUES (30, '2018-01-29 21:00:00', 3, 3, 3, 3);
INSERT INTO visit (VISIT_ID, DATE, DISEASE_ID, DOCTOR_ID, DRUG_ID, PATIENT_ID) VALUES (31, '2018-01-29 21:00:00', 2, 3, 3, 3);
INSERT INTO visit (VISIT_ID, DATE, DISEASE_ID, DOCTOR_ID, DRUG_ID, PATIENT_ID) VALUES (32, '2018-01-29 21:00:00', 3, 3, 3, 3);
INSERT INTO visit (VISIT_ID, DATE, DISEASE_ID, DOCTOR_ID, DRUG_ID, PATIENT_ID) VALUES (33, '2018-01-29 21:00:00', 2, 3, 3, 3);
INSERT INTO visit (VISIT_ID, DATE, DISEASE_ID, DOCTOR_ID, DRUG_ID, PATIENT_ID) VALUES (34, '2018-01-29 21:00:00', 2, 3, 3, 3);
INSERT INTO visit (VISIT_ID, DATE, DISEASE_ID, DOCTOR_ID, DRUG_ID, PATIENT_ID) VALUES (35, '2018-01-29 21:00:00', 1, 3, 3, 3);

INSERT INTO visit_symptoms_list (VISIT_ID, SYMPTOM_ID) VALUES (1, 1);
INSERT INTO visit_symptoms_list (VISIT_ID, SYMPTOM_ID) VALUES (1, 2);